Name,Year of release,Aired Date,Aired On,Number of Episode,Network,Duration,Content Rating,Synopsis,Cast,Genre,Tags,Rank,Rating
Move to Heaven,2021,"May 14, 2021", Friday,10,Netflix ,52 min.,18+ Restricted (violence & profanity) ,"Han Geu Roo is an autistic 20-year-old. He works for his father’s business “Move To Heaven,” a company that specializes in crime scene cleanup, where they also collect and arrange items left by deceased people, and deliver them to the bereaved family.","Lee Je Hoon, Tang Jun Sang, Hong Seung Hee, Jung Suk Yong, Jung Young Joo, Lee Moon Shik","Life,  Drama ","Uncle-Nephew Relationship, Autism, Death, Mourning, Tearjerker, Savant Syndrome, Life Lesson, Cleaning And Organizing, Autism Spectrum Disorder, Murder",#1,9.2
Weak Hero Class 1,2022,"Nov 18, 2022", Friday Duration: 40 min. Content Rating: 18+ Restricted (violence & profanity) ,8,None,40 min.,18+ Restricted (violence & profanity) ,"Yeon Shi Eun is a model student who ranks at the top of his high school. Physically, Yeon Shi Eun appears weak, but by using his wits and psychology, he fights against the violence that takes place inside and outside of his school. ","Park Ji Hoon, Choi Hyun Wook, Hong Kyung, Kim Su Gyeom, Lee Yeon, Shin Seung Ho","Action,  Youth,  Drama ","Violence, Friendship, Bromance, School Bullying, High School, Skilled Fighter, Adapted From A Webtoon, Fight, Gang, Smart Male Lead",#2,9.1
Hospital Playlist Season 2,2021,"Jun 17, 2021 - Sep 16, 2021", Thursday,12,"Netflix,  tvN ",1 hr. 40 min.,15+ - Teens 15 or older ,"Everyday is extraordinary for five doctors and their patients inside a hospital, where birth, death and everything in between coexist.","Jo Jung Suk, Yoo Yeon Seok, Jung Kyung Ho, Kim Dae Myung, Jeon Mi Do, Shin Hyun Bin","Romance,  Life,  Drama,  Medical ","Multiple Mains, Band, Music, Multiple Couples, Comedy, Illness, Strong Female Lead, Bromance, Divorced Male Lead, Long Distance Relationship",#3,9.1
Flower of Evil,2020,"Jul 29, 2020 - Sep 23, 2020"," Wednesday, Thursday",16,tvN ,1 hr. 10 min.,15+ - Teens 15 or older ,"Although Baek Hee Sung is hiding a dark secret surrounding his true identity, he has established a happy family life and a successful career. He is a loving husband and doting father to his young daughter. But his perfect façade begins to crumble when his wife, Cha Ji Won, a homicide detective, begins investigating a string of serial murders from 15 years ago. Ji Won notices changes in Hee Sung’s behavior and begins to wonder if he could possibly be hiding something from her. ","Lee Joon Gi, Moon Chae Won, Jang Hee Jin, Seo Hyun Woo, Nam Ki Ae, Son Jong Hak","Thriller,  Romance,  Crime,  Melodrama ","Deception, Family Secret, Mystery, Suspense, Hidden Personality, Antisocial Personality Disorder, Investigation, Smart Female Lead, Murder, Hidden Identity",#4,9.1
Hospital Playlist,2020,"Mar 12, 2020 - May 28, 2020", Thursday,12,"Netflix,  tvN ",1 hr. 30 min.,15+ - Teens 15 or older ,"The stories of people going through their days are seemingly ordinary but actually special at the hospital, a place known as the microcosm of life, where someone is being born and someone's life meets its ending. The five doctors are long-time friends of 20 years who started their undergrad in 1999 in the same medical school and now are colleagues in the same hospital and have a band together.","Jo Jung Suk, Yoo Yeon Seok, Jung Kyung Ho, Kim Dae Myung, Jeon Mi Do, Shin Hyun Bin","Romance,  Life,  Drama,  Medical ","Multiple Mains, Slow Romance, Multiple Couples, Friendship, Bromance, Heartfelt, Slight Romance, Strong Female Lead, Healing, Nice Male Lead",#5,9.1
Alchemy of Souls,2022,"Jun 18, 2022 - Aug 28, 2022"," Saturday, Sunday",20,"Netflix,  tvN ",1 hr. 20 min.,15+ - Teens 15 or older ,"Set in a fictional country called Daeho that does not exist in history or on maps, it is about the love and growth of young mages as they overcome their twisted fates due to a forbidden magic spell known as the ""alchemy of souls"", which allows souls to switch bodies.","Lee Jae Wook, Jung So Min, Hwang Min Hyun, Shin Seung Ho, Yoo  Joon Sang, Oh Na Ra","Action,  Historical,  Romance,  Fantasy ","Transmigration, Master-Disciple Relationship, Multiple Mains, Hidden Identity, Supernatural, Magical Power, Body Swap, Elemental Power, Strong Female Lead, Fake Identity",#6,9.1
Reply 1988,2015,"Nov  6, 2015 - Jan 16, 2016"," Friday, Saturday",20,tvN ,1 hr. 35 min.,15+ - Teens 15 or older ,"Five childhood friends, who all live in the same Ssangmundong neighborhood of Seoul, lean on each other to survive their challenging teen years and set a path for their futures. Sung Deok Sun struggles for attention as the middle child in her poor family while also carrying the burden of her 999th ranking in school. Kim Jung Hwan only has a one-track mind for soccer, even after his family becomes rich overnight. Sung Sun Woo is the perfect student, student council president and a caring and dependable son in his family. Ryu Dong Ryong is a geek who knows more about girls and life than the rest of his friends, but his poor academic score prevents him from being able to go to college. Choi Taek is a genius baduk player who dropped out of school to go professional. As the group of friends gets into and out of mischief around the neighborhood, what experiences from these memorable times together will they carry with them into their future lives? ","Lee Hye Ri, Go Kyung Pyo, Ryu Joon Yeol, Park Bo Gum, Lee Dong Hwi, Sung Dong Il","Comedy,  Romance,  Life,  Youth ","Nostalgia, Multiple Couples, Poor Family, Love Triangle, Heartfelt, High School, Friendship, Mother-Son Relationship, Coming Of Age, Bromance",#7,9.1
My Mister,2018,"Mar 21, 2018 - May 17, 2018"," Wednesday, Thursday",16,tvN ,1 hr. 17 min.,15+ - Teens 15 or older ,"Park Dong Hoon is a middle-aged engineer who is married to attorney Kang Yoon Hee. However, his life is not that happy as he has two unemployed brothers, Sang Hoon and Gi Hoon, who rely on him. Moreover, his wife is secretly having an affair with CEO Do Joon Yeong, his current boss and college junior.","Lee Sun Kyun, IU, Park Ho San, Song Sae Byuk, Lee Ji Ah, Kim Young Min","Psychological,  Life,  Drama ","Nice Male Lead, Depression, Healing, Poor Female Lead, Strong Female Lead, Infidelity, Lying, Power Struggle, Deception, Grandma-Granddaughter Relationship",#8,9.0
Under the Queen's Umbrella,2022,"Oct 15, 2022 - Dec  4, 2022"," Saturday, Sunday",16,"Netflix,  tvN ",1 hr. 10 min.,15+ - Teens 15 or older ,"Within the palace exist troublemaking princes who cause nothing but headaches for the royal family and are about to be turned into proper crown princes. Their mother, Im Hwa Ryeong,  is the wife of a great king. But instead of having an aura of elegance and grace, she is a prickly, sensitive, and hot-tempered queen. Once more serene, she changed since people kept pushing her buttons.  She is a queen who sometimes abandons her pride and is even known to swear!  Every day of her life is full of trials, but she withstands them all, for the sake of her children.","Kim Hye Soo, Kim Hae Sook, Choi Won Young, Kim Eui Sung, Moon Sang Min, Ok Ja Yeon","Historical,  Comedy,  Drama,  Political ","Motherhood, Mother-Son Relationship, Palace Setting, Black Comedy, Queen Female Lead, Joseon Dynasty, Royal Family, Royalty, Historical Fiction, Prince Supporting Character",#9,9.0
Prison Playbook,2017,"Nov 22, 2017 - Jan 18, 2018"," Wednesday, Thursday",16,"Netflix,  tvN ",1 hr. 32 min.,15+ - Teens 15 or older ,"Kim Je Hyuk, a famous baseball player, is arrested after using excessive force while chasing a man trying to sexually assault his sister. Shockingly to him and the rest of the nation, he is sentenced to a year in prison. There, he meets his childhood friend and fellow baseball player, Lee Joon Ho, who gave up on baseball after a car accident, but now is a prison guard and one of Je Hyuk's biggest fans. The drama revolves around Je Hyuk's time in prison, as well as the prisoners he meets and events that take place there.","Park Hae Soo, Jung Kyung Ho, Krystal Jung, Im Hwa Young, Ye Soo Jung, Kim Kyung Nam","Comedy,  Crime,  Life,  Drama ","Life Lesson, Bromance, Wrongfully Accused, Strong Male Lead, Slight Romance, Character Development, Murder, Prison Setting, Black Comedy, Baseball",#10,9.0
The Glory Part 2,2023,"Mar 10, 2023", Friday,8,Netflix ,55 min.,18+ Restricted (violence & profanity) ,"Moon Dong Eun's silent fury against those students that horrifically abused her during her high school years continues to burn inside of her. She meticulously executes her plan to inflict ultimate pain on her tormentors. Meanwhile, the sudden disappearance of Son Myeong Oh has gotten the attention of the police and his friends. Joo Yeo Jeong follows Moon Dong Eun and is willing to do anything she asks in her pursuit of revenge. Before Moon Dong Eun begins her final moves, she offers her nemesis Park Yeon Jin a chance to save herself if she turns in to the police, but Park Yeon Jin has her own plans to stop Moon Dong Eun. A violent and bloody game of nerves plays out between these rivals.","Song Hye Kyo, Lee Do Hyun, Im Ji Yeon, Yeom Hye Ran, Park Sung Hoon, Jung Sung Il","Thriller,  Drama,  Melodrama ","Revenge, Graphic Violence, Brief Nudity, Suspense, Strong Female Lead, Domestic Violence, Trauma, Family Abuse, Perpetrator-Victim Relationship, Nudity",#11,9.0
Mr. Queen,2020,"Dec 12, 2020 - Feb 14, 2021"," Saturday, Sunday",20,tvN ,1 hr. 15 min.,15+ - Teens 15 or older ,"Jang Bong Hwan is a South Korean chef who has risen up the ranks to cook for the country’s top politicians in the Blue House’s presidential residences. After a serious accident, he finds himself in the body of the young queen, Kim So Yong, when whisked away to an era deep in Korea’s past.","Shin Hye Sun, Kim Jung Hyun, Bae Jong Ok, Kim Tae Woo, Jo Yun Hee, Seol In Ah","Historical,  Comedy,  Romance,  Fantasy ","Transmigration, Sassy Female Lead, Joseon Dynasty, Eccentric Female Lead, Calm Male Lead, Time Travel, Marriage Of Convenience, Smart Male Lead, Nice Male Lead, Gender Swap",#12,9.0
Mother,2018,"Jan 24, 2018 - Mar 15, 2018"," Wednesday, Thursday",16,tvN ,1 hr. 3 min.,15+ - Teens 15 or older ,"Realizing one of her students is being abused, school teacher and bird researcher Soo Jin impulsively kidnaps the girl and acts as a substitute mother in an attempt to take care of her.","Lee Bo Young, Heo Yool, Lee Hye Young, Go Sung Hee, Lee Jae Yoon, Go Bo Gyeol","Thriller,  Mystery,  Psychological,  Melodrama ","Mother-Daughter Relationship, Independent Female Lead, Smart Female Lead, Child Abuse, Adoption, Strong Female Lead, Suspense, Orphan Female Lead, Motherhood, Investigation",#13,9.0
Dr. Romantic Season 3,2023,"Apr 28, 2023 - Jun 17, 2023"," Friday, Saturday",16,SBS ,1 hr. 10 min.,15+ - Teens 15 or older ,"At Doldam Hospital, Dr. Kim Sa Bu and his team are committed to saving lives. After three years, a state-of-the-art trauma centre is set to open, equipped with the latest in medical technology.","Han Seok Kyu, Lee Sung Kyung, Ahn Hyo Seop, Kim Joo Heon, So Ju Yeon, Jin Kyung","Romance,  Drama,  Medical ","Hospital Setting, Teamwork, Genius Male Lead, Surgeon Male Lead, Neurosurgeon Male Lead, Hospital Director Male Lead, Doctor Female Lead, Doctor Male Lead, Hardworking Male Lead, Hardworking Female Lead",#14,9.0
Crash Landing on You,2019,"Dec 14, 2019 - Feb 16, 2020"," Sunday, Saturday",16,"Netflix,  tvN ",1 hr. 25 min.,15+ - Teens 15 or older ,"After getting into a paragliding accident, South Korean heiress Yoon Se Ri crash lands in North Korea. There, she meets North Korean army officer Ri Jung Hyuk, who agrees to help her return to South Korea. Despite the tension between their countries, the two of them start falling for one another.","Hyun Bin, Son Ye Jin, Seo Ji Hye, Kim Jung Hyun, Yang Kyung Won, Lee Shin Young","Military,  Comedy,  Romance,  Political ","North And South Korea, Strong Male Lead, Rich Female Lead, Fate, Nice Male Lead, Calm Male Lead, Strong Female Lead, Friendship, Smart Female Lead, Soulmates",#15,9.0
Alchemy of Souls Season 2,2022,"Dec 10, 2022 - Jan  8, 2023"," Saturday, Sunday",10,"Netflix,  tvN ",1 hr. 21 min.,15+ - Teens 15 or older ,"Jang Uk returns from death, and three years later, the story of the mages unfolds anew. Jang Uk becomes a hunter of the soul-shifters when a young woman, a prisoner in her own home, seeks his help to reclaim her freedom.","Lee Jae Wook, Go Youn Jung, Hwang Min Hyun, Shin Seung Ho, Yoo  Joon Sang, Oh Na Ra","Action,  Historical,  Romance,  Fantasy ","Magical Power, Strong Male Lead, Marriage Of Convenience, Fantasy World, Smart Male Lead, Birth Secret, Nice Male Lead, Transmigration, Supernatural, Antihero Male Lead",#16,9.0
Extraordinary Attorney Woo,2022,"Jun 29, 2022 - Aug 18, 2022"," Wednesday, Thursday",16,"ENA,  Netflix ",1 hr. 17 min.,15+ - Teens 15 or older ,"Diagnosed with autism spectrum disorder, 27-year-old Woo Young Woo graduated at the top of her class from the prestigious Seoul National University for both college and law school due to her high IQ of 164, impressive memory, and creative thought process. Working as a lawyer, she finds herself struggling when it comes to social interactions.","Park Eun Bin, Kang Tae Oh, Kang Ki Young, Jeon Bae Soo, Baek Ji Won, Jin Kyung","Law,  Romance,  Life,  Drama ","Autistic Female Lead, Autism, Attorney Female Lead, Smart Female Lead, Workplace Setting, Nice Male Lead, Father-Daughter Relationship, Courtroom Setting, Single Mother/Father Supporting Character, Slow Burn Romance",#17,8.9
Vincenzo,2021,"Feb 20, 2021 - May  2, 2021"," Saturday, Sunday",20,"Netflix,  tvN ",1 hr. 25 min.,15+ - Teens 15 or older ,"At the age of eight, Park Joo Hyeong left for Italy after being adopted. Now an adult, he is known as Vincenzo Cassano and employed by a Mafia family as a consigliere. Due to warring Mafia factions, he flies to South Korea where he gets involved with lawyer Hong Cha Young. She is the type of attorney who will do anything to win a case. Now back in his motherland, he gives an unrivalled conglomerate a taste of his own medicine—with a side of his own version of justice.","Song Joong Ki, Jeon Yeo Been, Ok Taec Yeon, Kim Yeo Jin, Jo Han Chul, Kwak Dong Yeon","Comedy,  Law,  Crime,  Drama ","Mafia, Revenge, Slight Romance, Eccentric Female Lead, Smart Male Lead, Injustice, Black Comedy, Corrupt Legal System, Badass Male Lead, Skilled Killer",#18,8.9
Navillera,2021,"Mar 22, 2021 - Apr 27, 2021"," Monday, Tuesday",12,"Netflix,  tvN ",1 hr. 5 min.,15+ - Teens 15 or older ,A 70-year-old with a dream and a 23-year-old with a gift lift each other out of harsh realities and rise to the challenge of becoming ballerinos.,"Park In Hwan, Song Kang, Na Moon Hee, Hong Seung Hee, Kim Tae Hoon, Yoon  Ji Hye","Life,  Drama ","Ballet, Life Lesson, Unusual Friendship, Adapted From A Webtoon, Second Chance, Father-Son Relationship, Character Development, Grandpa-Granddaughter Relationship, Bromance, Kind Male Lead",#19,8.9
It's Okay to Not Be Okay,2020,"Jun 20, 2020 - Aug  9, 2020"," Saturday, Sunday",16,"Netflix,  tvN ",1 hr. 15 min.,15+ - Teens 15 or older ,"Moon Gang Tae is a community health worker at a psychiatric ward who was blessed with everything including a great body, smarts, ability to sympathize with others, patience, ability to react quickly, stamina, and more. Meanwhile, Ko Moon Young is a popular writer of children’s literature who, due to suffering from an antisocial personality disorder, seems extremely selfish, arrogant, and rude.","Kim Soo Hyun, Seo Yea Ji, Oh Jung Se, Park Gyu Young, Jang Young Nam, Kim Chang Wan","Psychological,  Comedy,  Romance,  Drama ","Possessive Female Lead, Independent Female Lead, Successful Female Lead, Melodrama, Healing, Selfless Male Lead, Badass Female Lead, Psychiatry, Childhood Connection, Trauma",#20,8.9
Signal,2016,"Jan 22, 2016 - Mar 12, 2016"," Friday, Saturday",16,tvN ,1 hr. 15 min.,15+ - Teens 15 or older ,"Fifteen years ago, a young girl was kidnapped on the way from school, and Park Hae Yeong, who was an elementary school student at that time, witnessed the crime. A few days later, the girl was found dead, and the police were not able to find the culprit. As time went by, Hae Yeong started distrusting the police. ","Lee Je Hoon, Kim Hye Soo, Jo Jin Woong, Kim Won Hae, Lee Yoo Joon, Jang Hyun Sung","Thriller,  Mystery,  Sci-Fi ","Different Timelines, Butterfly Effect, Murder, Hwaseong Serial Murders, Suspense, Investigation, Death, Tragic Past, Corruption, Time Altering",#21,8.9
The Glory,2022,"Dec 30, 2022", Friday,8,Netflix ,50 min.,18+ Restricted (violence & profanity) ,"A high school student dreams of becoming an architect. However, she had to drop out of school after suffering from brutal school violence. Years later, the perpetrator gets married and has a kid. Once the kid is in elementary school, the former victim becomes her homeroom teacher and starts her thorough revenge towards the perpetrators and bystanders of her bullying days.","Song Hye Kyo, Lee Do Hyun, Im Ji Yeon, Yeom Hye Ran, Park Sung Hoon, Jung Sung Il","Thriller,  Drama,  Melodrama ","Revenge, School Bullying, School Violence, Strong Female Lead, Social Issues, Sexual Content, Antiheroine Female Lead, Doctor Male Lead, Teacher Female Lead, Time Skip",#22,8.9
The Good Bad Mother,2023,"Apr 26, 2023 - Jun  8, 2023"," Wednesday, Thursday",14,"jTBC,  Netflix,  TVING ",1 hr. 10 min.,15+ - Teens 15 or older ,"Young Soon is a single mother and pig farmer who raised her son Kang Ho alone. Despite her love for him, her strict parenting caused Kang Ho to view her as a bad mother. As an adult, Kang Ho became a cold-hearted prosecutor and kept his distance from his mother. However, an unexpected accident caused him to return to his hometown and start over with Young Soon. Kang Ho's childhood friend Mi Joo, known for her warm heart and strong sense of justice, also reconnected with him after his accident, leading to a transformative experience for her.","Ra Mi Ran, Lee Do Hyun, Ahn Eun Jin, Yoo In Soo, Choi Moo Sung, Jung Woong In","Comedy,  Life,  Drama,  Family ","Mean Mother, Mother-Son Relationship, Village Setting, Death Of A Husband, Age Regression, Farmer Female Lead, Illness, Family Relationship, Cold Man/Warm Woman, Childhood Friends' Relationship",#23,8.9
Happiness,2021,"Nov  5, 2021 - Dec 11, 2021"," Friday, Saturday",12,"TVING,  tvN ",1 hr. 5 min.,15+ - Teens 15 or older ,"Yoon Sae Bom is a special agent with quick wits and reflexes and another special quality. She earns the opportunity to move into a new apartment set aside for civil servants in a coveted apartment complex by pretending to marry high school friend Jung Yi Hyun. Yi Hyun is a detective investigating the spread of a mysterious disease. They are trapped in their apartment building when Han Tae Seok, head of the task force to control the spread of the disease, orders the complex to be sealed off from the rest of the city.  ","Han Hyo Joo, Park Hyung Sik, Jo  Woo Jin, Lee Joon Hyuk, Park Joo Hee, Baek Hyun Jin","Action,  Thriller,  Drama,  Sci-Fi ","Disease, Strong Female Lead, Virus, Detective Male Lead, Slow Burn Romance, Survival, Infectious Disease, Smart Male Lead, Zombies, Fake Marriage",#24,8.9
Kingdom Season 2,2020,"Mar 13, 2020", Friday,6,Netflix ,45 min.,18+ Restricted (violence & profanity) ,"Following the events in season one, waves of the undead threaten to reach the capital. In an attempt to save the people during the plague and regain his right to the throne, Crown Prince Lee Chang pursues Jo Hak Joo to overthrow him, while the Queen is in a race against time to produce an heir to the throne. ","Joo Ji Hoon, Bae Doo Na, Kim Sung Gyu, Ryu Seung Ryong, Kim  Sang Ho, Jun Suk Ho","Thriller,  Historical,  Horror,  Supernatural ","Zombies, Corruption, Strong Male Lead, Gore, Strong Female Lead, Power Struggle, Smart Female Lead, Death, Greed, Joseon Dynasty",#25,8.9
Mr. Sunshine,2018,"Jul  7, 2018 - Sep 30, 2018"," Saturday, Sunday",24,"Netflix,  tvN ",1 hr. 20 min.,15+ - Teens 15 or older ,"Mr. Sunshine centers on a young boy born into a house servant's family who travels to the United States during the 1871 Shinmiyangyo (U.S. expedition to Korea). He returns to his homeland later as a U.S. marine officer. He meets and falls in love with an aristocrat’s daughter. At the same time, he discovers a plot by foreign forces to colonize Korea.  Edit Translation  English 한국어 中文(简体) 中文(台灣)","Lee Byung Hun, Kim Tae Ri, Yoo Yeon Seok, Byun Yo Han, Kim Min Jung, Kim Gab Soo","Military,  Historical,  Romance,  Melodrama ","Strong Male Lead, Independent Female Lead, Strong Female Lead, Smart Male Lead, Bromance, Imperialism, Gun Violence, Rebellion, Female Lead Action Scenes, Japanese Colonial Rule",#26,8.9
Taxi Driver Season 2,2023,"Feb 17, 2023 - Apr 15, 2023"," Friday, Saturday",16,"SBS,  ViuTV ",1 hr. 10 min.,18+ Restricted (violence & profanity) ,"Despite disbanding after Do Gi's successful revenge, the Rainbow Deluxe Taxi crew, including Seong Cheol, Go Eun, Gyeong Gu, and Jin Eon, can't resist the call to reunite with their former leader. Though each attempts to live a regular life with a typical job, their innate desire to fight against injustice draws them back to one another. The group even welcomes a new member, a kind-hearted but clumsy young man named On Ha Jun, who stumbles upon the secret basement of Rainbow Taxi.","Lee Je Hoon, Kim Eui Sung, Pyo Ye Jin, Jang Hyuk Jin, Bae Yoo Ram, Shin Jae Ha","Action,  Thriller,  Mystery,  Crime ","Skilled Fighter, Teamwork, Revenge, Taxi Setting, Compassionate Male Lead, Undercover Operation, Slight Comedy, Organized Crime, Episodic Format, Graphic Violence",#27,8.9
Tomorrow,2022,"Apr  1, 2022 - May 21, 2022"," Friday, Saturday",16,"MBC,  Netflix ",60 min.,15+ - Teens 15 or older ,"Choi Joon Woong seeks a job, but it's hard for him to get hired. One night, he witnesses a man trying to end his life and decides to stop him. He gets acquainted with grim reapers Koo Ryeon and Im Ryoong Gu, who belong to a crisis management team. Their purpose is to prevent people from committing suicide. After Joon Woong ends up in a coma and becomes half-human and half-spirit, he is employed by a company of grim reapers as the newest member of the crisis management team.","Kim Hee Sun, Rowoon, Lee Soo Hyuk, Yun Ji On, Kim Hae Sook, Kim Nu Ri","Action,  Thriller,  Drama,  Fantasy ","Grim Reaper Female Lead, Grim Reaper Male Lead, Underworld, Attempted Suicide, Death, Suicide, Afterlife, Suicide Prevention, Coma, Team Leader Female Lead",#28,8.9
Tale of the Nine-Tailed 1938,2023,"May  6, 2023 - Jun 11, 2023"," Saturday, Sunday",12,tvN ,1 hr. 10 min.,15+ - Teens 15 or older ,"An unexpected case leads Lee Yeon back in time to 1938, where he reencounters Ryu Hong Joo. Once a guardian spirit of the mountain in the west, she's now the owner of a high-end restaurant in the capital city of Gyeongseong. He also meets his younger brother Lee Rang. Meanwhile, another former guardian spirit and ex-friend Cheon Moo Young has become hostile. Lee Yeon struggles to return to the present, to his loved one.","Lee Dong Wook, Kim So Yeon, Kim Bum, Ryu Kyung Soo, Kim Yong Ji, Hwang Hee","Historical,  Horror,  Romance,  Fantasy ","Nine-tailed Fox, Action, 1930s, Strong Male Lead, Bromance, Supernatural, Brothers' Relationship, Badass Male Lead, Nice Male Lead, Reincarnation",#29,8.9
Healer,2014,"Dec  8, 2014 - Feb 10, 2015"," Monday, Tuesday",20,KBS2 ,60 min.,15+ - Teens 15 or older ,"Seo Jung Hoo is a special kind of night courier, known only as ""Healer"" by his clients. For the right price and with the help of a genius hacker, he gets his clients whatever they want, as long as it doesn't involve murder. His latest job leads him to a second-rate tabloid writer, Chae Young Shin, and the successful reporter, Kim Moon Ho. He begins to uncover the mystery of his own shared past with the two reporters, thus putting them all in danger. Edit Translation  English Arabic Русский Ελληνικά","Ji Chang Wook, Park Min Young, Yoo Ji Tae, Kim  Mi Kyung, Park Sang Won, Do Ji Won","Action,  Thriller,  Mystery,  Romance ","Double Identity, Hidden Identity, Smart Male Lead, Strong Male Lead, Childish Female Lead, Fight, Hardworking Female Lead, Sassy Female Lead, Trauma, Badass Male Lead",#30,8.8
Mouse,2021,"Mar  3, 2021 - May 19, 2021"," Wednesday, Thursday",20,tvN ,1 hr. 15 min.,18+ Restricted (violence & profanity) ,"A suspenseful story that asks the key question, “What if we could identify psychopaths in advance?” A crazed serial killer’s ruthless murders have left the entire nation gripped with fear, and chaos reigns. Justice-seeking rookie police officer, Jung Ba Reum, comes face to face with the killer. While he survives his dangerous encounter with the psychopath, Jung Ba Reum finds his life completely changing before his eyes.","Lee Seung Gi, Lee Hee Joon, Park Ju Hyun, Kyung Soo Jin, Woo Ji Hyun, Ahn Jae Wook","Thriller,  Mystery,  Psychological,  Sci-Fi ","Murder, Investigation, Character Development, Dark Fiction, Suspense, Flashback To Past, Grandma-Granddaughter Relationship, Death, Sexual Assault, Child Sexual Abuse",#31,8.8
SKY Castle,2018,"Nov 23, 2018 - Feb  1, 2019"," Friday, Saturday",20,jTBC ,1 hr. 15 min.,15+ - Teens 15 or older ,"Han Seo Jin, Noh Seung Hye, Jin Jin Hee, and Lee Myung Joo all live with their families in SKY Castle, a luxury private neighborhood hosting wealthy doctors and professors. All of the women wish for their children to enter prestigious universities and are actively supporting their education.","Yeom Jung Ah, Lee Tae Ran, Yoon Se Ah, Oh Na Ra, Kim Seo Hyung, Jung Joon Ho","Mystery,  Psychological,  Drama ","Family Secret, Social Commentary, Family Pressure, Satire, Multiple Mains, Sibling Rivalry, Birth Secret, Female Centered Plot, Suicide, Black Comedy",#32,8.8
The Red Sleeve,2021,"Nov 12, 2021 - Jan  1, 2022"," Friday, Saturday",17,"MBC,  Viki ",1 hr. 20 min.,15+ - Teens 15 or older ,"In Korea during the second half of the 1700s, Yi San is an aloof and perfection-loving young prince. His father’s killing haunts him, although it leaves him in the position to take the throne once his grandfather – the cruel and ruthless current king responsible for Yi San’s father’s death – dies. He has resolved to become a benevolent monarch who will reform the law when he eventually takes the throne, but the way his father was killed has scarred him emotionally.","Lee Jun Ho, Lee Se Young, Kang Hoon, Lee Deok Hwa, Park Ji Young, Jang Hee Jin","Historical,  Romance,  Drama,  Melodrama ","Noble Man/Common Woman, Death, Tearjerker, Joseon Dynasty, Strong Male Lead, Male Chases Female First, Smart Female Lead, Master-Servant Relationship, Strong Female Lead, King Male Lead",#33,8.8
Stranger,2017,"Jun 10, 2017 - Jul 30, 2017"," Saturday, Sunday",16,"Netflix,  tvN ",1 hr. 10 min.,15+ - Teens 15 or older ,"Hwang Shi Mok underwent brain surgery as a child to curb his violent temper, which left him devoid of emotions. Hwang becomes a prosecutor known for his piercing intelligence and logic, but he is ostracized because he lacks empathy and social skills. He is also one of only a handful of upright prosecutors who have refused to take bribes. One day, he encounters a stabbing victim while investigating corruption. He meets Lieutenant Han Yeo Jin at the crime scene. They join forces to root out corruption at the prosecutors’ office and solve a serial murder case.","Cho Seung Woo, Bae Doo Na, Lee Joon Hyuk, Yoo Jae Myung, Shin Hye Sun, Choi Jae Woong","Thriller,  Mystery,  Law,  Drama ","Suspense, Investigation, Corruption, Crime Solving Duo, Murder, Calm Male Lead, Alexithymia, Emotionless Male Lead, Strong Female Lead, Smart Female Lead",#34,8.8
Twenty-Five Twenty-One,2022,"Feb 12, 2022 - Apr  3, 2022"," Saturday, Sunday",16,"Netflix,  tvN ",1 hr. 15 min.,15+ - Teens 15 or older ,"In a time when dreams seem out of reach, a teen fencer pursues big ambitions and meets a hardworking young man who seeks to rebuild his life.","Kim Tae Ri, Nam Joo Hyuk, Bona, Choi Hyun Wook, Lee Joo Myung, Seo Jae Hee","Romance,  Life,  Drama,  Melodrama ","Coming Of Age, Nostalgia, Fencing, Nice Male Lead, Friendship, Character Development, Competition, IMF Crisis, High School To Working Life, Reporter Male Lead",#35,8.8
The Uncanny Counter,2020,"Nov 28, 2020 - Jan 24, 2021"," Saturday, Sunday",16,"Netflix,  OCN ",1 hr. 10 min.,15+ - Teens 15 or older ,It tells the story of demon hunters called Counters who come to earth under the guise of being employees at a noodle restaurant in order to capture evil spirits that have returned to earth in pursuit of eternal life.,"Cho Byeong Kyu, Yoo  Joon Sang, Kim Se Jeong, Yeom Hye Ran, Ahn Suk Hwan, Lee Hong Nae","Action,  Mystery,  Drama,  Supernatural ","Special Power, Righteous Male Lead, Found Family, Evil Spirit, Teamwork, Strong Female Lead, Orphan Male Lead, Multiple Mains, Spirit, Childhood Trauma",#36,8.8
Goblin,2016,"Dec  2, 2016 - Jan 21, 2017"," Friday, Saturday",16,tvN ,1 hr. 22 min.,15+ - Teens 15 or older ,"Kim Shin was once an unbeatable general in Goryeo's military who died a tragic death. He now possesses immortality but is tired of living while everyone else around him dies. For 900 years, Kim Shin has searched for his bride, a mortal who can pull out the sword and end his life. One day, he encounters Ji Eun Tak, a positive, upbeat high school student who can see the dead and has gone through tragic events, yet still stays strong. She claims to be the Goblin's bride who can end his immortal life, but what appears to be an easy task, only gets complicated, as the two fall in love.","Gong Yoo, Kim Go Eun, Lee Dong Wook, Yoo In Na, Yook Sung Jae, Lee El","Comedy,  Romance,  Fantasy,  Melodrama ","Supernatural, Older Man/Younger Woman, Interspecies Romance, Dokkaebi, Fate, Bromance, Death, Heartfelt, Tearjerker, Soulmates",#37,8.8
D.P.,2021,"Aug 27, 2021", Friday,6,Netflix ,50 min.,15+ - Teens 15 or older ,"Private soldier Jun Ho is a confused youth who served in the military normally like other Koreans. One day, he suddenly becomes a member of the military defector arrest team. As such, he is tasked with capturing deserters and must grapple with the more troubling cases of why some soldiers feel they have no other choice but go absent without official leave.","Jung Hae In, Koo Kyo Hwan, Kim Sung Kyun, Son Suk Ku, Hong Kyung, Jo Hyun Chul","Action,  Military,  Drama ","Military Abuse, Violence, Bromance, Desertion, Harassment, Dark Fiction, Humiliation, Adapted From A Webtoon, Sexual Assault, Miniseries",#38,8.8
Taxi Driver,2021,"Apr  9, 2021 - May 29, 2021"," Friday, Saturday",16,SBS ,1 hr. 5 min.,18+ Restricted (violence & profanity) ,"Do Gi has lived more honestly than anyone else as an officer in the Special Forces. Yet, when a serial killer murders his mother, he spends his days in agony. While feeling wronged and broken, Do Gi meets Jang Sung Chul, who recruits Do Gi to work for his company, Rainbow Taxi. Far from an ordinary taxi service, Rainbow Taxi is a secret organization that avenges victims whom the law didn’t protect. Here, Do Gi becomes a star driver who delivers satisfying revenge. Meanwhile, Ha Na is a prosecutor who investigates Rainbow Taxi. She is furious with their lawless behavior, but at the same time, she feels confused about seeing them solve cases that the law cannot. Between those who believe that revenge embodies true justice and those who pursue the outlaws, Do Gi seeks what justice truly means.","Lee Je Hoon, Esom, Kim Eui Sung, Pyo Ye Jin, Cha Ji Yeon, Jang Hyuk Jin","Action,  Thriller,  Crime,  Drama ","Revenge, Strong Male Lead, Adapted From A Webtoon, Investigation, Prosecutor Female Lead, Secret Organization, Smart Female Lead, Death Of A Mother, Taxi Driver Male Lead, Police Officer Male Lead",#39,8.8
Kingdom,2019,"Jan 25, 2019", Friday,6,Netflix ,51 min.,18+ Restricted (violence & profanity) ,"No sooner does the Joseon King succumb to smallpox, do the rumors of his death begin. The Cho Clan, the clan of the pregnant Queen and her father, Chief State Councillor Cho Hak Joo, declares the Crown Prince, a traitor.","Joo Ji Hoon, Ryu Seung Ryong, Bae Doo Na, Kim Sung Gyu, Kim Chan Yi, Kim  Sang Ho","Thriller,  Historical,  Horror,  Political ","Joseon Dynasty, Adapted From A Webtoon, Power Struggle, Gore, Strong Male Lead, Survival, Nice Male Lead, Corruption, Zombies, Strong Female Lead",#40,8.8
Missing,2022,"Dec 19, 2022 - Jan 31, 2023"," Monday, Tuesday",14,tvN ,60 min.,15+ - Teens 15 or older ,"3 Gongdan is a village where missing deceased people, including Kang Eun Sil and Oh Il Yong, stay. Meanwhile, Kim Wook, Jang Pan Seok, Lee Jong A, and Detective Shin Joon Ho try to find the bodies of the missing people and chase after the truth behind their deaths.","Go Soo, Heo Joon Ho, Ahn So Hee, Ha Joon, Lee Jung Eun, Kim Dong Hwi","Thriller,  Mystery,  Supernatural ","Village Setting, Swindler Male Lead, Cold Case, Hacker Female Lead, Detective Male Lead, Righteous Male Lead, Slight Comedy, Cheerful Male Lead, Social Justice, Afterlife",#41,8.8
Weightlifting Fairy Kim Bok Joo,2016,"Nov 16, 2016 - Jan 11, 2017"," Wednesday, Thursday",16,MBC ,60 min.,15+ - Teens 15 or older ,"Bok Joo is a weightlifter who is pursuing her dream of winning the gold medal but she then finds romance for the first time in her life. While she is a woman who trains with heavy steel weights, she is also very feminine when it comes to relationships. Focusing solely on weightlifting would jeopardize her relationship but leaving her weightlifting career for love would keep her from attaining her dreams.","Lee Sung Kyung, Nam Joo Hyuk, Lee Jae Yoon, Kyung Soo Jin, Cho Hye Jung, Lee Joo Young","Comedy,  Romance,  Life,  Sports ","Friends To Lovers, Weightlifting, Strong Female Lead, Healing, First Love, Bantering Relationship, Male Chases Female First, Swimming, Slow Burn Romance, Sismance",#42,8.8
Six Flying Dragons,2015,"Oct  5, 2015 - Mar 22, 2016"," Monday, Tuesday",50,SBS ,60 min.,15+ - Teens 15 or older ,"A fictional, historical drama about the ambition, rise and fall of real and fictional characters based around Yi Bang Won. Yi Bang Won was the third king of the Joseon Dynasty in Korea and the father of King Se Jong the Great. He helped his father, King Tae Jo, establish the Joseon Dynasty.  Edit Translation  English Français Português (Portugal) Español","Yoo Ah In, Kim Myung Min, Shin Se Kyung, Byun Yo Han, Yoon Kyun Sang, Chun Ho Jin","Action,  Historical,  Drama,  Political ","Revolution, Power Struggle, Political Intrigue, Sword-fight, Smart Male Lead, Taejong, Scheme, Taejo, Goryeo Dynasty, Bromance",#43,8.8
D.P. Season 2,2023,"Jul 28, 2023", Friday,6,Netflix ,50 min.,15+ - Teens 15 or older ,"This unfolding story ensues when military desertion arrest squad members (DP), Jun Ho and Ho Yeol, run across absurdities and unchangeable reality on a regular basis.","Jung Hae In, Koo Kyo Hwan, Kim Sung Kyun, Son Suk Ku, Kim Ji Hyun, Ji Jin Hee","Action,  Military,  Drama ",Post-traumatic Stress Disorder,#44,8.8
Youth of May,2021,"May  3, 2021 - Jun  8, 2021"," Monday, Tuesday",12,KBS2 ,1 hr. 10 min.,15+ - Teens 15 or older ,"Hee Tae becomes the pride of Gwangju when he enters Seoul National University College of Medicine with top marks. His best friend Kyung Soo, an avid pro-democracy activist, insists that they open an illegal clinic for students on the run from the government. One day, a factory worker is injured during a protest. In exchange for the costs of discreetly transporting himself and the factory worker to his hometown, Hee Tae must go to a meeting with a potential marriage partner arranged by his father. At this meeting, Hee Tae meets Myung Hee, a nurse persevering through the hardships of life. She only agrees to go to this meeting in place of her friend Soo Ryeon, because she needs to come up with the airfare to go study in Germany. However, Myung Hee and Hee Tae end up falling in love. In May of 1980, amidst the heated passion and cries for democracy that reverberated throughout Gwangju, Hee Tae and Myung Hee find themselves in a twist of fate.","Lee Do Hyun, Go Min Si, Lee Sang Yi, Geum Sae Rok, Oh Man Suk, Uhm Hyo Sub","Romance,  Youth,  Drama,  Melodrama ","1980s, Rich Man/Poor Woman, Star Crossed Lovers, Gwangju Uprising, Tearjerker, Nice Male Lead, Strong Female Lead, Smart Female Lead, Forbidden Love, Martial Law",#45,8.8
Life on Mars,2018,"Jun  9, 2018 - Aug  5, 2018"," Saturday, Sunday",16,OCN ,1 hr. 5 min.,15+ - Teens 15 or older ,"As the leader of a crime investigation team, Han Tae Joo has propelled his career and risen through the ranks by trusting data over all else. One day, while investigating a serial murder case, he has an accident. When he wakes up, he suddenly finds himself in the winter of 1988. He doesn't know why, but he's now a detective appointed to work at a police station in a small city. To get back to the present day, Han Tae Joo tries to solve the case.","Jung Kyung Ho, Park Sung Woong, Go Ah Sung, Oh Dae Hwan, Noh Jong Hyun, Jun Suk Ho","Action,  Mystery,  Psychological,  Comedy ","1980s, Police Procedural, Bromance, Calm Male Lead, Smart Male Lead, Strong Female Lead, Coma, Murder, Investigation, Thriller",#46,8.8
The Devil Judge,2021,"Jul  3, 2021 - Aug 22, 2021"," Saturday, Sunday",16,tvN ,1 hr. 15 min.,15+ - Teens 15 or older ,"Set in a dystopian version of present-day Korea where daily life is chaos and society has collapsed to the point that people openly voice their distrust and hatred for their leaders. In this world bereft of law and order, Head Trial Judge Kang signals the need for change. His courtroom is the subject of a reality show where he mercilessly punishes the guilty, earning him the ""Devil Judge"" nickname. As a divisive figure with an aura of mystery that belies his true identity and ambitions, the public is unsure whether he is a true hero or someone, knowingly sowing the seeds of discontent in his courtroom. ","Ji Sung, Kim Min Jung, Park Jin Young, Park Gyu Young, Jeon Chae Eun, Kim Jae Kyung","Mystery,  Law,  Crime,  Drama ","Dystopia, Corruption, Strong Female Lead, Tough Past, Tragic Past, Bromance, Dark Fiction, Manipulative Female Lead, Rivalry, Revenge",#47,8.8
Through the Darkness,2022,"Jan 14, 2022 - Mar 12, 2022"," Friday, Saturday",12,SBS ,1 hr. 10 min.,18+ Restricted (violence & profanity) ,"Back in the 1990s, the citizens of Seoul were gripped with a paralyzing fear after a series of brutal attacks and murders occurred. A mysterious figure dubbed ‘Red Cap’ was stalking women on the streets then killing his prey, seemingly without provocation. His habit of striking at random made it impossible for the detectives to predict his next move. At the top of their minds is what could be triggering him. ","Kim Nam Gil, Jin Seon Kyu, Kim So Jin, Ryeoun, Lee Dae Yeon, Kim Won Hae","Thriller,  Mystery,  Drama ","Investigation, Murder, Empathic Male Lead, Calm Male Lead, Suspense, 1990s, 2000s, Time Skip, Offender Profiling, Kind Male Lead",#48,8.8
Racket Boys,2021,"May 31, 2021 - Aug  9, 2021"," Monday, Tuesday",16,"Netflix,  SBS ",1 hr. 15 min.,15+ - Teens 15 or older ,"A story of a boys' badminton team at a middle school in Haenam as they grow, both as people and as players.","Kim Sang Kyung, Oh Na Ra, Tang Jun Sang, Son Sang Yeon, Choi Hyun Wook, Kim Kang Hoon","Comedy,  Life,  Drama,  Sports ","Badminton, Friendship, Sport Club, Rural Life, Working Mom, Tough Female Lead, Tough Male Lead, Slight Romance, Multiple Mains, Carefree Protagonist",#49,8.7
Beyond Evil,2021,"Feb 19, 2021 - Apr 10, 2021"," Friday, Saturday",16,jTBC ,1 hr. 5 min.,15+ - Teens 15 or older ,"Meet the two fearless men willing to go to extreme lengths in their pursuit of a serial killer that has shaken up their quiet city: Lee Dong Sik, a once capable detective, is now demoted to perform menial tasks at the Manyang Police Substation. Just as he is beginning to settle into a peaceful life, his new superior, Detective Han Joo Won, is transferred in. Joo Won is an elite detective whose father is the star candidate for the National Police Agency’s next chief. Despite his admirable qualities and high social standing, Joo Won harbors a long-held secret.","Shin Ha Kyun, Yeo Jin Goo, Choi Dae Hoon, Kim Shin Rok, Choi Sung Eun, Choi Jin Ho","Thriller,  Mystery,  Psychological,  Drama ","Determined Male Lead, Investigation, Suspense, Murder, Trauma, Psychological Manipulation, Smart Male Lead, Death, Corruption, Mother-Son Relationship",#50,8.7
Dr. Romantic Season 2,2020,"Jan  6, 2020 - Feb 25, 2020"," Monday, Tuesday",16,SBS ,1 hr. 10 min.,15+ - Teens 15 or older ,"A “real doctor” story set in a small, humble hospital called Doldam Hospital. It is a story about people who meet Kim Sa Bu, a genius doctor, and discover “real romance.”","Han Seok Kyu, Ahn Hyo Seop, Lee Sung Kyung, Kim Joo Heon, Shin Dong Wook, So Ju Yeon","Romance,  Drama,  Medical,  Melodrama ","Slow Burn Romance, Healing, Character Development, Surgeon Male Lead, Friends To Lovers, Love/Hate Relationship, Hardworking Female Lead, Hospital Setting, Rich Woman/Poor Man, Smart Female Lead",#51,8.7
The Penthouse,2020,"Oct 26, 2020 - Jan  5, 2021"," Monday, Tuesday",21,SBS ,1 hr. 25 min.,15+ - Teens 15 or older ,"The residents of Hera Palace, a luxury penthouse apartment with 100 floors, have many secrets and hidden ambitions. Sim Su Ryeon, who was born into wealth, is the queen of the penthouse apartment. Cheon Seo Jin, the prima donna of the residence, does all she can to give everything to her daughter. Oh Yoon Hee comes from a poor family background, but she strives to enter high society by becoming the queen of the penthouse, the pinnacle of success in her eyes. A battle for wealth, power, and prestige at Seoul’s most coveted penthouse begins.","Lee Ji Ah, Kim So Yeon, Eugene, Uhm Ki Joon, Bong Tae Kyu, Shin Eun Kyung","Thriller,  Mystery,  Drama ","Motherhood, Revenge, Greed, Jealousy, School Bullying, Multiple Couples, Rich Male Lead, School Rivalry, High Society, Mother-Daughter Relationship",#52,8.7
Dear My Friends,2016,"May 13, 2016 - Jul  2, 2016"," Friday, Saturday",16,tvN ,1 hr. 10 min.,15+ - Teens 15 or older ,"Park Wan is a translator who is constantly pulled by her mother, Jang Nan Hee, to hang out with her elder friends, Jo Hee Ja, Moon Jung Ah, Oh Choong Nam, and Lee Yeong Won. The plot revolves around the friends' twilight years as they are rediscovering themselves through relationships and family, the struggles they face due to their old age, and their life journey that they share with  Park Wan in the hope she would write a novel about them.","Go Hyun Jung, Kim Hye Ja, Na Moon Hee, Go Doo Shim, Park Won Sook, Youn Yuh Jung","Life,  Drama,  Melodrama ","Life Lesson, Mother-Daughter Relationship, Mother-Son Relationship, Sismance, Family Conflict, Multiple Couples, Generational Conflict, Multiple Mains, Friendship, Slight Comedy",#53,8.7
Hometown Cha-Cha-Cha,2021,"Aug 28, 2021 - Oct 17, 2021"," Saturday, Sunday",16,"Netflix,  tvN ",1 hr. 20 min.,15+ - Teens 15 or older ,"After a conflict with her boss, dentist Yoon Hye Jin escapes the city to a seaside village where she'd vacationed to before as a little girl. When she learns the village is without a dentist, she decides to set up her practice there permanently. As the former city-dweller's stiff and guarded demeanor almost immediately rubs the locals the wrong way, in steps the free-spirited jack of all trades, Hong Do Shik. There to help her learn to navigate life in a small village, albeit they don't hit it off well at first.","Shin Min Ah, Kim Seon Ho, Lee Sang Yi, In Gyo Jin, Lee Bong Ryun, Jo Han Chul","Comedy,  Romance,  Life,  Drama ","Nice Male Lead, Nice Female Lead, Cheerful Male Lead, Hardworking Male Lead, Hardworking Female Lead, Jack Of All Trades, Smart Female Lead, Opposites Attract, Character Development, Healing",#54,8.7
Arthdal Chronicles Part 3,2019,"Sep  7, 2019 - Sep 22, 2019"," Saturday, Sunday",6,"Netflix,  tvN ",1 hr. 20 min.,15+ - Teens 15 or older ,"Ta Gon gets what he wants as he sits atop his throne. However, now his life and throne are threatened when Eun Seom begins to gather power among the slaves and peasants of Arth as he starts to fight back against the elite. Although Ta Gon has so far kept his half-Neanthal heritage a secret from the world, his eyes shine purple, preparing to go all out in fighting Eun Seom.","Song Joong Ki, Jang Dong Gun, Kim Ji Won, Kim Ok Bin, Kim Sung Cheol, Kim Eui Sung","Historical,  Romance,  Fantasy,  Political ","Power Struggle, War, Supernatural Power, Strong Female Lead, Curse, Revenge, Superhuman Strength, Pre-produced, Class Conflict, Antihero Male Lead",#55,8.7
Arthdal Chronicles Part 2,2019,"Jun 22, 2019 - Jul  7, 2019"," Saturday, Sunday",6,"Netflix,  tvN ",1 hr. 21 min.,15+ - Teens 15 or older ,"Ta Gon has now become the most powerful man in Arthdal. He has an affectionate relationship only with Taealha, the daughter of the rival Hae Tribe, because of their shared ambitions.","Song Joong Ki, Jang Dong Gun, Kim Ji Won, Kim Ok Bin, Kim Eui Sung, Park Hae Joon","Historical,  Romance,  Fantasy,  Political ","War, Power Struggle, Slavery, Good Twin/Evil Twin, Strong Female Lead, Revenge, Character Development, Father-Daughter Relationship, Strong Male Lead, Political Intrigue",#56,8.7
The Guest,2018,"Sep 12, 2018 - Nov  1, 2018"," Wednesday, Thursday",16,OCN ,1 hr. 7 min.,18+ Restricted (violence & profanity) ,"Yoon Hwa Pyung, a young psychic born into a shaman family, learns about the powerful demon called ""Son"" (Guest). The demon has the power to control other demons and allows them to possess weak people. The possessed people then go mad, kill their families, and stab themselves in the eye. Fatefully, Hwa Pyung, Choi Yoon; a young boy born in a religious Catholic family, and Kang Kil Yeong; the daughter of a detective, meet when their families are killed by a demon.","Kim Dong Wook, Kim Jae Wook, Jung Eun Chae, Lee Won Jong, Park Ho San, Ahn Nae Sang","Thriller,  Mystery,  Horror,  Supernatural ","Exorcism, Death, Demon, Shamanism, Murder, Strong Female Lead, Hot-Tempered Male Lead, Ghost-seeing Male Lead, Orphan Female Lead, Ghost",#57,8.7
Defendant,2017,"Jan 23, 2017 - Mar 21, 2017"," Monday, Tuesday",18,SBS ,1 hr. 10 min.,15+ - Teens 15 or older ,"Park Jung Woo is a prosecutor at Seoul Central District Prosecutors’ Office. One day, he wakes up and finds himself a convict on death row. Suffering from temporary amnesia, Jung Woo has no idea what transpired to land him in prison. He struggles to recover his memory and clear his name before his time is up.  Edit Translation  English Русский Português (Brasil) Français","Ji Sung, Uhm Ki Joon, Kwon Yu Ri, Oh Chang Seok, Uhm Hyun Kyung, Jung Dong Gyu","Thriller,  Mystery,  Law,  Drama ","Murder, Amnesia, Wrongfully Accused, Identity Swap, Bromance, Suspense, Good Twin/Evil Twin, Deception, Competent Male Lead, Power Struggle",#58,8.7
While You Were Sleeping,2017,"Sep 27, 2017 - Nov 16, 2017"," Wednesday, Thursday",32,SBS ,30 min.,15+ - Teens 15 or older ,"Nam Hong Ju lives with her mother, Yoon Moon Sun, a widow who runs a small restaurant. Since Hong Ju was young, she has had the ability to see events—both good and bad—before they occur. However, she is often unable to do anything about them. ","Bae Suzy, Lee Jong Suk, Jung Hae In, Lee Sang Yeob, Hwang Young Hee, Shin Jae Ha","Mystery,  Romance,  Drama,  Fantasy ","Precognition, Nice Male Lead, Murder, Tragic Past, First Love, Steamy Kiss, Childhood Acquaintance, Eccentric Male Lead, Smart Male Lead, Fated Love",#59,8.7
The Penthouse Season 2,2021,"Feb 19, 2021 - Apr  2, 2021"," Friday, Saturday",13,SBS ,1 hr. 15 min.,15+ - Teens 15 or older ,"After successfully framing Oh Yoon Hee, Cheon Seo Jin and Joo Dan Tae decided to get married. Their engagement party is interrupted by Oh Yoon Hee and Ha Yoon Cheol, who has just come back from the United States. As the secrets unveil, the relationships among the people at Hera Palace are entangled, yet another mysterious figure appears and confronts them.","Kim So Yeon, Eugene, Lee Ji Ah, Uhm Ki Joon, Yoon Jong Hoon, Shin Eun Kyung","Thriller,  Mystery,  Drama ","Revenge, Corruption, High Class Society, Greed, Murder, Rich Male Lead, Motherhood, School Bullying, Rich Female Lead, Jealousy",#60,8.7
Our Blues,2022,"Apr  9, 2022 - Jun 12, 2022"," Saturday, Sunday",20,"Netflix,  tvN ",1 hr. 10 min.,15+ - Teens 15 or older ,"""Our Blues"" takes on an omnibus-style drama, which tells the story of diverse characters that are somewhat interconnected, in one way or the other.","Lee Byung Hun, Shin Min Ah, Cha Seung Won, Lee Jung Eun, Uhm Jung Hwa, Han Ji Min","Romance,  Life,  Drama,  Melodrama ","Multiple Mains, Anthology, Island Setting, Middle-Aged Female Lead, Friendship, Slow Burn Story, Depression, Father-Daughter Relationship, Multiple Couples, Middle-Aged Male Lead",#61,8.7
Moon Lovers,2016,"Aug 29, 2016 - Nov  1, 2016"," Monday, Tuesday",20,SBS ,60 min.,15+ - Teens 15 or older ,"When a total eclipse of the sun takes place, Go Ha Jin is transported back in time to the start of the Goryeo Dynasty of Korea during King Taejo's rule. She wakes up in the body of the 16-year-old Hae Soo and finds herself living in the house of the 8th Prince Wang Wook, who is married to Hae Soo's cousin. She soon befriends several of the princes and meets the ostracized 4th Prince, Wang So. Although knowing she should not get involved in palace intrigues over the succession to the throne, she inadvertently becomes a pawn in the struggle, as several of the Princes fall in love with her. ","Lee Joon Gi, IU, Kang Ha Neul, Hong Jong Hyun, Nam Joo Hyuk, Byun Baek Hyun","Historical,  Romance,  Fantasy,  Melodrama ","Child Abandonment, Goryeo Dynasty, Power Struggle, Jealousy, Possessive Male Lead, Sibling Rivalry, Lying, Tearjerker, Death, Gwangjong",#62,8.7
Partners for Justice Season 2,2019,"Jun  3, 2019 - Jul 29, 2019"," Monday, Tuesday",32,MBC ,35 min.,15+ - Teens 15 or older ,"In crime and in life, all contact leaves a trace. There is no perfect crime and our hero and heroine have the ultimate cooperation. This drama continues the tale of a forensic scientist and a prosecutor who make the best of teams.","Jung Jae Young, Jung Yoo Mi, Oh Man Suk, Noh Min Woo, Kang Seung Hyun, Park Jun Gyu","Mystery,  Law,  Drama,  Medical ","Forensic Science, Forensic Medical Examiner Male Lead, Prosecutor Supporting Character, Age Gap [Drama Life], Age Gap [Real Life], Prosecutor Female Lead, Doctor Male Lead, Serial Killings, Teamwork, Rich Female Lead",#63,8.7
Our Beloved Summer,2021,"Dec  6, 2021 - Jan 25, 2022"," Monday, Tuesday",16,"Netflix,  SBS ",60 min.,15+ - Teens 15 or older ,"Years after filming a viral documentary in high school, two bickering ex-lovers get pulled back in front of the camera — and into each other's lives. Choi Woong seems naive and a free-spirited man, but he wants to have something for the first time in his life. For that, he shows what he holds in his mind. Kook Yeon Soo aimed to become the top student at her school, but she is now an adult who lives fiercely, adapting to her reality.","Choi  Woo Shik, Kim Da Mi, Kim Sung Cheol, Roh Jeong Eui, Ahn Dong Goo, Park Jin Joo","Romance,  Life,  Youth,  Drama ","Lovers Reunited, High School Sweethearts, First Love, Healing, Flashback To Past, Love/Hate Relationship, Interview, Coming Of Age, Second Chance Romance, Enemies To Lovers",#64,8.7
Sweet Home,2020,"Dec 18, 2020", Friday,10,Netflix ,52 min.,18+ Restricted (violence & profanity) ,"Following the death of his family in an accident, loner Cha Hyun Soo moves to a new apartment. His quiet life is soon disturbed by strange incidents that start occurring in his apartment, and throughout Korea. As people start to turn into monsters, Hyun Soo and the other residents try to survive.","Song Kang, Lee Jin Wook, Lee Si Young, Lee Do Hyun, Kim Nam Hee, Go Min Si","Action,  Horror,  Drama,  Sci-Fi ","Monsters, Gore, Survival, Character Development, Adapted From A Webtoon, Supernatural Phenomena, Multiple Mains, Trauma, School Bullying, Attempted Suicide",#65,8.7
"Kill Me, Heal Me",2015,"Jan  7, 2015 - Mar 12, 2015"," Wednesday, Thursday",20,MBC ,1 hr. 2 min.,15+ - Teens 15 or older ,"A traumatic childhood experience leaves Cha Do Hyeon, suffering from memory loss and dissociation. The latter has resulted in the creation of seven distinct personalities. Wanting to regain control over his life, he asks Oh Ri Jin, a first-year psychiatric resident, to help him, but she eventually falls in love with one of his personalities. Ri Jin’s twin brother, Oh Ri On, a famous mystery novelist, investigates Do Hyeon and his family. (Source: MyDramaList) Edit Translation  English Arabic Русский Українська","Ji Sung, Hwang Jung Eum, Park Seo Joon, Kim Yoo Ri, Oh Min Suk, Kim Young Ae","Psychological,  Comedy,  Romance,  Drama ","Dissociative Identity Disorder, Trauma, Boss-Employee Relationship, Rich Male Lead, Psychiatry, Nice Male Lead, Mean Male Lead, Rich Man/Poor Woman, Psychiatrist Female Lead, Doctor Female Lead",#66,8.7
The King of Pigs,2022,"Mar 18, 2022 - Apr 22, 2022", Friday,12,TVING ,55 min.,18+ Restricted (violence & profanity) ,Two friends meet up and recall their experiences as victims of school bullying when they receive a message from a friend from 20 years ago and mysterious serial killings begin to occur. ,"Kim Dong Wook, Kim Sung Gyu, Chae Jung An, Choi Hyun Jin, Sim Hyun Seo, Lee Chan Yoo","Thriller,  Mystery,  Drama ","School Bullying, Detective Male Lead, School Violence, Flashback To Past, Revenge, Murder, Detective Female Lead, Childhood Trauma, Child Abuse, Mental Illness",#67,8.7
18 Again,2020,"Sep 21, 2020 - Nov 10, 2020"," Monday, Tuesday",16,jTBC ,1 hr. 10 min.,15+ - Teens 15 or older ,"After nearly twenty years of marriage, Jung Da Jung and Hong Dae Young seem to be well settled in their domestic lives. The proud parents of a pair of eighteen year old twins, the devoted couple have worked hard to build a happy home together. But what seems like an ideal life on the outside is really anything but. Fed up with Dae Young’s incessant nonsense, Da Jung is at her wits’ end. When Dae Young announces that he’s been fired, Da Jung gives up completely. Convinced life would be better without her husband in it, Da Jung wastes no time in filing for divorce.","Kim Ha Neul, Yoon Sang Hyun, Lee Do Hyun, Roh Jeong Eui, Ryeoun, Wi Ha Joon","Romance,  Life,  Drama,  Fantasy ","Second Chance, First Love, Father-Son Relationship, Hardworking Female Lead, Father-Daughter Relationship, Mother-Daughter Relationship, Life Lesson, Becoming Young, Hidden Identity, Character Development",#68,8.7
The Fiery Priest,2019,"Feb 15, 2019 - Apr 20, 2019"," Friday, Saturday",40,SBS ,35 min.,15+ - Teens 15 or older ,"Kim Hae Il is a Catholic priest. He makes spiteful remarks, and he can be rude to others. Koo Dae Young is a detective. He talks a lot, and he is also timid. Park Kyung Sun is a prosecutor. She is smart and beautiful. She is also ambitious as a prosecutor and good at her job.","Kim Nam Gil, Kim Sung Kyun, Lee Ha Nee, Go Jun, Geum Sae Rok, Jeon Sung Woo","Action,  Mystery,  Comedy,  Crime ","Badass Male Lead, Eccentric Male Lead, Sassy Female Lead, Bromance, Aggressive Male Lead, Sismance, Corruption, Character Development, Investigation, Tragic Past",#69,8.7
My Name,2021,"Oct 15, 2021", Friday,8,Netflix ,50 min.,18+ Restricted (violence & profanity) ,"Following her father's murder, a revenge-driven woman puts her trust in a powerful crime boss — and enters the police force under his direction.","Han So Hee, Park Hee Soon , Ahn Bo Hyun, Lee Hak Joo, Kim  Sang Ho, Chang Ryul","Action,  Thriller,  Mystery,  Crime ","Badass Female Lead, Blood, Revenge, Lying, Murder, Double Identity, Hidden Identity, Gang, Gun Violence, Strong Female Lead",#70,8.7
Revenant,2023,"Jun 23, 2023 - Jul 29, 2023"," Friday, Saturday",12,SBS ,1 hr. 10 min.,15+ - Teens 15 or older ,"When the door to another world opens, demons exist there. Ku San Young is possessed by one of those demons. Yeom Hae Sang can see the demon which has possessed Ku San Young. They try to figure out the truth behind the mysterious deaths related to the five sacred objects.","Kim Tae Ri, Oh Jung Se, Hong Kyung, Park Ji Young, Yang Hye Ji, Jin Seon Kyu","Thriller,  Mystery,  Horror,  Supernatural ","Spirit Possession, Occult, Folklore, Spirit, Student Female Lead, Professor Male Lead, Detective Supporting Character, Detective Male Lead, Death, Child Abuse",#71,8.7
Dr. Romantic,2016,"Nov  7, 2016 - Jan 16, 2017"," Monday, Tuesday",20,SBS ,60 min.,15+ - Teens 15 or older ,"Kim Sa Bu was once a famous surgeon at the peak of his career at a major hospital. But he suddenly gives it all up one day to live in seclusion and work as a neighborhood doctor in a small town. He now goes by “Teacher Kim” and refers to himself as the “Romantic Doctor”. Meanwhile, Kang Dong Joo became a doctor to make something of himself after growing up poor, and he seeks out VIP patients to achieve the success that he desperately wants. Yoon Seo Jung is a passionate young surgeon who is haunted by a mistake from her past and tries to get over it. When Dong Joo and Seo Jung meet the quirky Teacher Kim, their lives and careers will never be the same again. Edit Translation  English Arabic Español Română","Han Seok Kyu, Yoo Yeon Seok, Seo Hyun Jin, Choi Jin Ho, Yang Se Jong, Jang Hyuk Jin","Romance,  Drama,  Medical ","Strong Male Lead, Hardworking Female Lead, Smart Male Lead, Hardworking Male Lead, Character Development, Slow Burn Romance, Smart Female Lead, Trauma, Male Chases Female First, Second Chance",#72,8.7
A Business Proposal,2022,"Feb 28, 2022 - Apr  5, 2022"," Monday, Tuesday",12,"Netflix,  SBS ",60 min.,15+ - Teens 15 or older ,"Shin Ha Ri is a single woman who works for a company. She has a male friend, who she has had a crush on for a long time, but she learns he has a girlfriend. Shin Ha Ri feels sad and decides to meet her friend Jin Young Seo, who is a daughter of a chaebol family. Jin Young Seo then asks Shin Ha Ri to take her place on a blind date and even offers some money for her time. Shin Ha Ri accepts her friend's offer. She goes out on a blind date as Jin Young Seo while having the intention of getting rejected by her date. When she sees her blind date, Shin Ha Ri is dumbfounded. Her blind date is Kang Tae Moo. He is the CEO of the company where she works.","Ahn Hyo Seop, Kim Se Jeong, Kim Min Gue, Seol In Ah, Lee Deok Hwa, Choi Byung Chan","Comedy,  Romance,  Drama ","Boss-Employee Relationship, Double Identity, Fake Identity, Blind Date, Contract Relationship, Cheerful Female Lead, Sismance, Company President",#73,8.7
Misaeng,2014,"Oct 17, 2014 - Dec 20, 2014"," Friday, Saturday",20,tvN ,1 hr. 20 min.,15+ - Teens 15 or older ,"Jang Geu Rae has played the game of Go since he was a child. When his plans of becoming a professional Go player fail, the down-and-out Geu Rae is forced to take an office job as an intern set up for him by an acquaintance’s recommendation for him to a large company called One International.","Yim Si Wan, Lee Sung Min, Kang So Ra, Kang Ha Neul, Byun Yo Han, Kim Dae Myung","Business,  Life,  Drama ","Workplace Abuse, Teamwork, Adapted From A Webtoon, Hardworking Male Lead, Smart Female Lead, Strong Female Lead, Nice Male Lead, Hardworking Female Lead, Bromance, Boss-Employee Relationship",#74,8.7
Strong Woman Do Bong Soon,2017,"Feb 24, 2017 - Apr 15, 2017"," Friday, Saturday",16,jTBC ,1 hr. 7 min.,15+ - Teens 15 or older ,"Do Bong Soon is a petite, unemployed woman who is honest and kind. She appears little and sweet on the outside, but she is in fact very, very strong. For generations in her family, the women have been gifted Herculean strength to use for the greater good. If abused, however, their power will be taken away.","Park Bo Young, Park Hyung Sik, Kim Ji Soo, Jun Suk Ho, Shim Hye Jin, Yoo Jae Myung","Action,  Comedy,  Romance,  Supernatural ","Strong Female Lead, Female Lead Action Scenes, Superhuman Strength, Love Triangle, Nice Male Lead, Rich Man/Poor Woman, Father-Daughter Relationship, Gang, Boss-Employee Relationship, Rich Male Lead",#75,8.7
Chicago Typewriter,2017,"Apr  7, 2017 - Jun  3, 2017"," Friday, Saturday",16,tvN ,1 hr. 10 min.,15+ - Teens 15 or older ,This drama follows the lives of two men and a woman through two eras: one during the 1930s Japanese occupation of Korea and the other in the 21st century. The three main characters are:,"Yoo Ah In, Im Soo Jung, Go Kyung Pyo, Kwak Shi Yang, Jo  Woo Jin, Oh Na Ra","Comedy,  Romance,  Supernatural,  Political ","Reincarnation, Hardworking Male Lead, Hardworking Female Lead, Strong Female Lead, Successful Male Lead, Bromance, Flashback To Past, Tragic Past, Character Development, Patriotism",#76,8.7
Hot Stove League,2019,"Dec 13, 2019 - Feb 14, 2020"," Friday, Saturday",16,SBS ,1 hr. 2 min.,15+ - Teens 15 or older ,"About the preparation period of a major league baseball team. The drama focuses on a loser team that prepares for an extraordinary season upon the arrival of their new general manager, and each episode will focus on a problem they have as they prepare to become a stronger team.","Namkoong Min, Park Eun Bin, Cho Byeong Kyu, Oh Jung Se, Son Jong Hak, Kim Do Hyun","Drama,  Sports,  Melodrama ","Hardworking Female Lead, Baseball, Hardworking Male Lead, Teamwork, Successful Male Lead, Tough Male Lead, Corruption, Calm Male Lead, Competition, Smart Male Lead",#77,8.7
Strangers from Hell,2019,"Aug 31, 2019 - Oct  6, 2019"," Saturday, Sunday",10,OCN ,60 min.,15+ - Teens 15 or older ,"Yoon Jong Woo is a young guy in his 20s who moves from the countryside to Seoul after his college friend, Jae Ho, offers him a job. While looking for a place to live, he stumbles upon Eden Gosiwon, a cheap hostel that shares the kitchen and bathroom with other residents. He is not thrilled about the quality of the place or the other abnormal residents, such as his next-door neighbor Seo Moon Jo, a charismatic dentist. Nevertheless, Jong Woo decides to put up with it for 6 months until he saves enough money to move out. However, mysterious events start occurring in the apartment, causing Jong Woo to begin fearing the apartment's residents.","Yim Si Wan, Lee Dong Wook, Lee Jung Eun, Ahn Eun Jin, Park Jong Hwan, Lee Joong Ok","Thriller,  Horror,  Psychological,  Drama ","Adapted From A Webtoon, Murder, Gaslighting, Mental Torment, Mental Illness, Trauma, Torture, Animal Abuse, Hot-Tempered Male Lead, Animal Death",#78,8.7
Bloodhounds,2023,"Jun  9, 2023", Friday,8,Netflix ,60 min.,18+ Restricted (violence & profanity) ,"When reserved rookie boxer Kim Geon Woo squares off against loquacious southpaw Hong Woo Jin, Geon Woo narrowly prevails — but the two former marines become fast friends. As their friendship grows, so do the financial woes that plague Geon Woo’s mother. To save her quaint café from going under, she signs off on a hefty loan. But when it turns out she’s been targeted by Smile Capital — a ruthless loan shark business — Geon Woo and Woo Jin do everything in their power to make it right. Fate intervenes as the pair end up working for a generous money lender whose foster daughter is dead set on taking down the loan sharks.","Woo Do Hwan, Lee Sang Yi, Heo Joon Ho, Park Sung Woong, Kim Sae Ron, Jung Da Eun","Action,  Thriller,  Crime,  Drama ","Strong Male Lead, Bromance, Debt, Boxing, Graphic Violence, Boxer Male Lead, Adapted From A Webtoon, COVID-19, Skilled Fighter, Multiple Mains",#79,8.7
Live,2018,"Mar 10, 2018 - May  6, 2018"," Saturday, Sunday",18,"Netflix,  tvN ",1 hr. 15 min.,15+ - Teens 15 or older ,"The drama revolves around the incidents that occur in the police force and the joy, sorrow, and pain that police officers experience as they try to protect justice.","Jung Yu Mi, Lee Kwang Soo, Bae Sung Woo, Bae Jong Ok, Sung Dong Il, Jang Hyun Sung","Romance,  Life,  Drama ","Teamwork, Violence, Strong Female Lead, Police Officer Female Lead, Police Officer Male Lead, Smart Female Lead, Male Chases Female First, Police Department Setting, Nice Male Lead, Investigation",#80,8.7
Jewel in the Palace,2003,"Sep 15, 2003 - Mar 23, 2004"," Monday, Tuesday",54,MBC ,1 hr. 5 min.,13+ - Teens 13 or older ,"About 500 years ago during the time of Chosun Dynasty, Korea boasted a rigidly hierarchical and male dominated social structure. Based on a true story about a legendary girl, Jang Geum, who became the first woman to be the supreme royal physician of her times. Despite her poor condition as a low class girl in the male dominated society, Jang Geum overcame a series of social discrimination and landed herself as a royal cook, later becoming the royal physician, then ultimately the physician in charge of the king. She was even given by the king the title ""The Great Jang Geum."" The story of her checkered life on her success and breakdown as well as her love story beautifully unfold.","Lee Young Ae, Ji Jin Hee, Hong Ri Na, Im Ho, Yang  Mi Kyung, Kyeon Mi Ri","Food,  Historical,  Romance,  Medical ","Strong Female Lead, Cooking, Royal Rules And Etiquette, Joseon Dynasty, Doctor Female Lead, Orphan Female Lead, Smart Female Lead, Nice Male Lead, Slow Burn Romance, Queen Dowager Supporting Character",#81,8.7
The First Responders,2022,"Nov 12, 2022 - Dec 30, 2022"," Friday, Saturday",12,"ENA,  SBS ",60 min.,18+ Restricted (violence & profanity) ,"Follow the joint operations of a police force and a fire department, who together will tell a thrilling story. ","Kim Rae Won, Son Ho Jun, Gong Seung Yeon, Kang Seo Ha, Hwang Young Hee, Kang Gi Doong","Action,  Thriller,  Mystery,  Drama ","Teamwork, Firefighter Male Lead, Slight Romance, Investigation, Suspense, Paramedic Female Lead, Persistent Male Lead, Escape From Death, Graphic Violence, Firefighter Supporting Character",#82,8.6
Tunnel,2017,"Mar 25, 2017 - May 21, 2017"," Saturday, Sunday",16,OCN ,1 hr. 4 min.,15+ - Teens 15 or older ,"In 1986, Park Gwang Ho works as an excellent and enthusiastic detective. His life changes when he’s pursuing leads in a serial homicide case and then passes through a time portal, which transports him to present day Seoul.  He meets a new partner Kim Sun Jae, an elite detective who happens to be a bit eccentric, but is one highly skilled investigator. The detective duo will also find help in psychology professor, Shin Jae Yi.","Choi Jin Hyuk, Yoon Hyun Min, Lee Yoo Young, Jo Hee Bong, Kim Byung Chul, Kang Ki Young","Thriller,  Mystery,  Sci-Fi,  Fantasy ","Time Travel, Murder, Bromance, Hardworking Male Lead, Hidden Identity, Strong Female Lead, Character Development, Slight Romance, Death, Teamwork",#83,8.6
Descendants of the Sun,2016,"Feb 24, 2016 - Apr 14, 2016"," Wednesday, Thursday",16,KBS2 ,60 min.,15+ - Teens 15 or older ,A love story that develops between a surgeon and a special forces officer.,"Song Joong Ki, Song Hye Kyo, Jin Goo, Kim Ji Won, Lee Seung Joon, Seo Jung Yeon","Action,  Comedy,  Romance,  Melodrama ","Hardworking Male Lead, Multiple Couples, Bromance, Military, Friendship, Gun Violence, Calm Male Lead, Medical, Hardworking Female Lead, Filmed Abroad",#84,8.6
My Perfect Stranger,2023,"May  1, 2023 - Jun 20, 2023"," Monday, Tuesday",16,"KBS2,  ViuTV ",1 hr. 10 min.,15+ - Teens 15 or older ,"Yoon Hae Joon is the youngest anchor to ever work at his broadcasting station. He is calm and straightforward as a journalist and kind in his personal life. On the other hand, Baek Yoon Young dreamed of becoming a writer but wound up working at a publishing company. ","Kim Dong Wook, Jin Ki Joo, Seo Ji Hye, Lee Won Jung, Lee Ji Hyun, Lee Kyu Hoe","Mystery,  Romance,  Drama,  Sci-Fi ","Time Travel, 1980s, Murder, Investigation, Calm Male Lead, Smart Male Lead, Death, News Presenter Male Lead, Editor Female Lead, Journalist Male Lead",#85,8.6
Hotel del Luna,2019,"Jul 13, 2019 - Sep  1, 2019"," Saturday, Sunday",16,tvN ,1 hr. 20 min.,15+ - Teens 15 or older ,"Nestled deep in the heart of Seoul’s thriving downtown sits a curious hotel, the like of which no one has ever seen before. Old beyond measure, the building has stood for millennia, an ever-present testament to the fact that things are not always what they seem. Running this hotel is Jang Man Wol, a greedy, suspicious soul who has spent the past thousand years acting as the establishment’s CEO.","IU, Yeo Jin Goo, Shin Jung Keun, Bae Hae Seon, P.O, Jo Hyun Chul","Horror,  Comedy,  Romance,  Fantasy ","Boss-Employee Relationship, Strong Female Lead, Ghost, Smart Female Lead, Supernatural, Ghost-seeing Male Lead, Death, Flashback To Past, Warm Man/Cold Woman, Healing",#86,8.6
My Liberation Notes,2022,"Apr  9, 2022 - May 29, 2022"," Saturday, Sunday",16,"jTBC,  Netflix ",1 hr. 7 min.,15+ - Teens 15 or older ,"Set in Sanpo Village where more people leave than remain, the three Yeom siblings, Chang Hee, Mi Jung, and Ki Jung, wish to escape from a life rife with uncertainty.","Lee Min Ki, Kim Ji Won, Son Suk Ku, Lee El, Lee Ki Woo, Chun Ho Jin","Romance,  Life,  Drama,  Melodrama ","Slow Burn Story, Introverted Female Lead, Loneliness, Slow Burn Romance, Alcoholic Male Lead, Alcoholism, Multiple Mains, Inner Monologue, Introverted Male Lead, Character Development",#87,8.6
Missing,2020,"Aug 29, 2020 - Oct 11, 2020"," Saturday, Sunday",12,OCN ,1 hr. 10 min.,15+ - Teens 15 or older ,"A village holds the spirits of missing, deceased people. A search to find the missing bodies and discover the truth behind their disappearance occurs.","Go Soo, Heo Joon Ho, Ahn So Hee, Ha Joon, Seo Eun Soo, Song Geon Hee","Thriller,  Mystery,  Supernatural ","Ghost-seeing Male Lead, Spirit, Missing Person, Bromance, Social Justice, Righteous Male Lead, Death, Ghost, Childhood Friends' Relationship, Village Setting",#88,8.6
Law School,2021,"Apr 14, 2021 - Jun  9, 2021"," Wednesday, Thursday",16,"jTBC,  Netflix ",1 hr. 5 min.,15+ - Teens 15 or older ,"When a grim incident occurs at their prestigious school, justice through law is put to the test by a tough law professor and his ambitious students.","Kim Myung Min, Kim Bum, Ryu Hye Young, Lee Jung Eun, Lee Soo Kyung, David Lee","Mystery,  Law,  Crime,  Drama ","Smart Male Lead, University, Death, Hardworking Female Lead, Rich Male Lead, Nice Male Lead, Slow Burn Romance, Poor Female Lead, Uncle-Nephew Relationship, Nepotism",#89,8.6
Children of Nobody,2018,"Nov 21, 2018 - Jan 16, 2019"," Wednesday, Thursday",32,MBC ,30 min.,15+ - Teens 15 or older ,"Cha Woo Kyung is a child counselor who works at a children’s center. Her life seems perfect since she is married to a great husband and is pregnant. However, her perfect life doesn't last long, when an accident changes her life. She then meets Kang Ji Hun, a detective who is strict toward criminals and believes they should be punished to the full extent.","Kim Sun Ah, Lee Yi Kyung, Nam Gyu Ri, Cha Hak Yeon, Joo Seok Tae, Na Young Hee","Thriller,  Mystery,  Psychological,  Drama ","Trauma, Child Abuse, Smart Female Lead, Murder, Tragic Past, Psychiatry, Child Abandonment, Domestic Violence, Strong Female Lead, Hallucination",#90,8.6
Ghost Doctor,2022,"Jan  3, 2022 - Feb 22, 2022"," Monday, Tuesday",16,tvN ,1 hr. 10 min.,15+ - Teens 15 or older ,"Cha Young Min is a genius doctor, with excelling skills at surgery, but he is arrogant and selfish. One day, he gets involved in an accident and due to this, his spirit possesses another doctor's body, Seung Tak. These two doctors are complete opposites, with opposite personalities and medical abilities.","Rain, Kim Bum, Uee, Son Na Eun, Sung Dong Il, Tae In Ho","Comedy,  Medical,  Fantasy,  Supernatural ","Doctor Male Lead, Spirit, Bromance, Ghost, Spirit Possession, Doctor Female Lead, Arrogant Male Lead, Ghost-seeing Male Lead, Rich Male Lead, Slight Romance",#91,8.6
"It's Okay, That's Love",2014,"Jul 23, 2014 - Sep 11, 2014"," Wednesday, Thursday",16,SBS ,60 min.,15+ - Teens 15 or older ,"Despite being a bit of a prickly pear, Jang Jae Yeol has become famous for authoring mystery novels and for hosting a popular radio show. While sitting on a talk show panel with psychiatrist Ji Hae Soo, it became clear to all that the two just rubbed each other the wrong way. ","Zo In Sung, Gong Hyo Jin, Sung Dong Il, Lee Kwang Soo, Jin Kyung, Lee Sung Kyung","Psychological,  Comedy,  Romance,  Drama ","Strong Female Lead, Psychiatry, Trauma, Healing, Adult Romance, Melodrama, Cohabitation, Rich Male Lead, Hallucination, Cheerful Male Lead",#92,8.6
Eulachacha Waikiki,2018,"Feb  5, 2018 - Apr 17, 2018"," Monday, Tuesday",20,jTBC ,1 hr. 5 min.,15+ - Teens 15 or older ,"Three very different young men – Dong Goo, the bad luck incarnate who dreams of becoming a film director; Joon Ki, an eccentric actor who performs to make a living; and Doo Shik, a freelance writer who fiddles around doing nothing most of the time - open a guest house named “Waikiki” in Itaewon where many foreigners come to stay. Although they have no clue how to run it, they’re eager to earn money to pay for the production of their upcoming film.","Kim Jung Hyun, Lee Yi Kyung, Son Seung Won, Jung In Sun, Go Won Hee, Lee Joo Woo","Comedy,  Romance,  Life,  Drama ","Bromance, Friends To Lovers, Motherhood, Cohabitation, Babysitting, Multiple Couples, Mother-Daughter Relationship, Nice Male Lead, Clumsy Female Lead, Secret Crush",#93,8.6
Once Again,2020,"Mar 28, 2020 - Sep 13, 2020"," Saturday, Sunday",100,KBS2 ,35 min.,15+ - Teens 15 or older ,"""Once Again"" is the story of the eventful Song family who can’t get a day of peace and their neighbors in Yongju Market. ","Chun Ho Jin, Cha Hwa Yun, Lee Jung Eun, Oh Dae Hwan, Lee Min Jung, Lee Sang Yeob","Comedy,  Romance,  Life,  Drama ","Family Relationship, Big Family, Multiple Couples, Multiple Mains, Heartwarming, Love/Hate Relationship, Bickering Mains' Relationship, Married Life, Second Chance Romance, Secret Romance",#94,8.6
Good Manager,2017,"Jan 25, 2017 - Mar 30, 2017"," Wednesday, Thursday",20,KBS2 ,60 min.,15+ - Teens 15 or older ,"Can corporate politics turn a bad person into a good person? Kim Sung Ryong is a skilled accountant who works for gangsters. He makes his way into a company called TQ Group as a middle manager in the accounting department with the intention of embezzling money from the company. As he contends with hot-shot accountant Yoon Ha Kyung, financial prodigy Seo Yul and peppy intern Hong Ga Eun, Sung Ryong finds himself embroiled in office politics and notices other shenanigans by those in power that threaten to bring down the company. Sung Ryong slowly comes to realize that he’d rather fight against corporate corruption and fight for employees’ rights than complete the mission he originally came to do. Can he succeed at his new objective against all odds?","Namkoong Min, Nam Sang Mi, Lee Jun Ho, Jung Hye Sung, Kim Won Hae, Kim Kang Hyun","Business,  Comedy,  Crime,  Drama ","Eccentric Male Lead, Corruption, Social Satire, Bromance, Smart Male Lead, Revenge, Enemy Mine, Smart Female Lead, Strong Female Lead, Character Development",#95,8.6
Empress Ki,2013,"Oct 28, 2013 - Apr 29, 2014"," Monday, Tuesday",51,MBC ,1 hr. 5 min.,15+ - Teens 15 or older ,"Genghis Khan built an empire that spanned vast regions in East Asia and East Europe. And there was one woman who held immense power in the Yuan Dynasty, which Genghis Khan founded, for 37 years. She was neither of Mongol descent nor from the Han Chinese. She came from Goryeo, a small kingdom in the Far East. She was taken to Mongol against her will as a Gungnyeo (palace women) but somehow overcame her lowly status to become the last  empress in another land. Her name was Empress Ki.","Ha Ji Won, Ji Chang Wook, Joo Jin Mo, Baek Jin Hee, Jin Yi Han, Kim Seo Hyung","Historical,  Romance,  Melodrama,  Political ","Smart Female Lead, Strong Female Lead, Power Struggle, Possessive Male Lead, Love Triangle, Yuan Dynasty, Revenge, Cross-Dressing, Goryeo Dynasty, Female Lead Action Scenes",#96,8.6
Love to Hate You,2023,"Feb 10, 2023", Friday,10,Netflix ,52 min.,15+ - Teens 15 or older ,"Yeo Mi Ran works as a novice lawyer at Gilmu Law Firm, a company that primarily serves the entertainment industry. She has no interest in pursuing a romantic relationship and detests losing to men in any competition.","Kim Ok Bin, Yoo Teo, Kim Ji Hoon, Go Won Hee, Lee Joo Bin, Kim Sung Ryung","Comedy,  Law,  Romance ","Badass Female Lead, Enemies To Lovers, Actor Male Lead, Social Issues, Strong Female Lead, Famous Male Lead, Gender Discrimination, Skilled Fighter, Famous Lead/Common Lead, Contract Relationship",#97,8.6
Go Back Couple,2017,"Oct 13, 2017 - Nov 18, 2017"," Friday, Saturday",12,KBS2 ,1 hr. 10 min.,15+ - Teens 15 or older ,"38-years-old married couple, Choi Ban Do and Ma Jin Joo, were in love when they got married but now, hate each other and regret marrying at such a young age. Choi Ban Do has been burdened with being the breadwinner, and Ma Jin Joo is a housewife with low self-esteem. The couple travels through time and finds themselves as 20-year-old university students when they met for the first time.","Jang Na Ra, Son Ho Jun, Heo Jung Min, Han Bo Reum, Jang Ki Yong, Go Bo Gyeol","Comedy,  Romance,  Life,  Fantasy ","Time Travel, Love/Hate Relationship, Mother-Daughter Relationship, Misunderstanding, Failing Marriage, 1990s, Sismance, Bromance, Second Chance Romance, Sassy Female Lead",#98,8.6
The Bridal Mask,2012,"May 30, 2012 - Sep  6, 2012"," Wednesday, Thursday",28,KBS2 ,1 hr. 5 min.,15+ - Teens 15 or older ,"Lee Kang To is an ambitious and callous Korean officer employed by the Japanese colonists. Despite his mother's disapproval of his work and his own brother's antagonistic history with the Japanese, Kang To continues to play by the colonist's rules in hopes of becoming successful and bringing his family out of poverty. However, a mysterious figure wearing a traditional Bridal Mask always seems to get in Kang To's way. The Bridal Mask appears as a Zorro-like figure who protects the people from the Japanese colonists' oppression and abuse of power. An unexpected turn of events brings Kang To to cross paths with the mysterious Bridal Mask, changing his future and the nation's history forever. ","Joo Won, Jin Se Yeon, Park Ki Woong, Han Chae Ah, Shin Hyun Joon, Chun Ho Jin","Action,  Historical,  Romance,  Political ","Japanese Colonial Rule, Hidden Identity, Rebellion, Revenge, Love Triangle, Murder, First Love, Adapted From A Manhwa, Investigation, Drama",#99,8.6
My Father Is Strange,2017,"Mar  4, 2017 - Aug 27, 2017"," Saturday, Sunday",52,KBS2 ,1 hr. 6 min.,15+ - Teens 15 or older ,"This drama is about a family that lives on the outskirts of Seoul. Byun Han Soo is the father and His wife, Na Yeong Shil is a dedicated, responsible mother to his three daughters and one son including Hye Yeong, Mi Yeong, Ra Yeong, and Joon Young. Suddenly one day, Ahn Joong Hee shows up at the household and declares that he is the son of the family. Joong Hee is an actor who used to be a member of an idol group. He begins to live with them.","Kim Yeong Cheol, Kim Hae Sook, Ryu Soo Young, Lee Yoo Ri, Lee Joon, Jung So Min","Comedy,  Romance,  Drama ","Family Secret, Eccentric Female Lead, Fake Incest, Multiple Couples, Strong Female Lead, Father-Daughter Relationship, Mother-Daughter Relationship, Mother-Son Relationship, Father-Son Relationship, Evil Mother-in-Law",#100,8.6
